,Hasil,Label
0,efek vaksin booster nyeri pusing panas dingin bikin beser ya,0
1,gue tiket vaksin booster kayak duit juta,1
2,sumpah vaksin booster sore mandi tibatiba meriang ya allah adekku,1
3,habis vaksin booster tangan kiri keram hari,1
4,pegal banget pusing mual sumpah enak ih vaksin booster,0
5,besok sarap vaksin booster,1
6,selamat malam rehat besok vaksin booster,1
7,tangan kaku banget ya allah efek vaksin booster kah,1
8,undang vaksin booster vaksin ya,1
9,iya vaksin booster,1
10,kemarin habis darah rendah pusing vaksin booster kerja lembur malam mantap,1
11,boostervaksin tiga kasih tau testimoninya efek,1
12,kerja wajib vaksin booster,1
13,pengin vaksin booster ah minggu,1
14,fakta ungkap awal pagi mood vaksin empat booster jarum bahagia pilih paksa,1
15,vaksin booster,1
16,kayak nemu vaksin booster moderna gue gue kayak pakai moderna lucu vaksin moderna nya sinovac,1
17,malam malam ceramahin teman duluan vaksin booster,1
18,besok vaksin booster sakit ya,1
19,badan pikir capek tangan nyeri siang vaksin booster deh tidur besok kerja pagi,0
20,sebel banget deh vaksin booster,0
21,vaksin booster efek sayang ayang,1
22,pagi vaksin booster malemnya booster otak wkwk asli goblok anying,0
23,ambil vaksin booster kuarantin wajib efektif ramai patuh arah syarat potong gaji,1
24,beli makan kucing habis ongkos jakarta vaksin booster amin,1
25,bagus loh kampus kemarin numpang vaksin booster sana keliling tamantamannya cakep,1
26,sakitin gapapa vaksin kali plus booster hehe,1
27,tangan habis vaksin booster bengkak,1
28,aaa besok vaksin booster moga antri biar cepat,1
29,harap undi lupa covid antibody turun lepas vaksin ramai ambil booster,1
30,booster pakai astra zeneca respon kali vaksin,1
31,booster pfizer masyaallah tabarokallah habis vaksin gel malam tangan sakit dilurusin tiga mending,1
32,hei omg gue lupa besok vaksin booster aaaa malesss,1
33,vaksin booster astra akibat mual muntah,1
34,sadar gue vaksin booster wkwk vaksin bekas,1
35,badan gemetar kayak gegara efek booster vaksin kemarin tidur deh,1
36,vaksin booster mantap banget efek woi asa banget,1
37,takut ih besok gue vaksin booster,1
38,selamat tidur lupa vaksin booster,1
39,meriang banget badan gue efek vaksin booster huhu,0
40,habis vaksin booster puji tuhan demam gel and sakit punggung,0
41,daftar vaksin booster gampang kayak beli cilok langsung besok pagi,1
42,booster tuh vaksin nama beda beda,1
43,habis vaksin booster nyeri otot gue kompres mempan sakit banget,1
44,kuat kuat orang vaksin az ya gue nyicipin booster langsung klenger,1
45,habis vaksin booster badan gel wkwk,0
46,tipu angka golong terima vaksin mati covid nak promosi vaksin booster babi haram mulia doktordoktor kkm laknatullah,0
47,habis vaksin booster badan sakt,0
48,kaya efek vaksin booster gue tbtb melow,1
49,tidur gara gara vaksin booster sakit banget woi demam guling kiri dikit ngilu,0
50,vaksin ndo wakakkak gue sih rencana itung itung booster,1
51,antar adek keket booster vaksin bu kakak nya bawa kakak sekolah atuh bu,1
52,efek vaksin booster tiga pakai astrazeneca benerbener vaksin pas tidur rasa pusing panas dingin malam gigil hebat demam badan linu lengan bekas suntik,0
53,ngeri huhu syarat e dolan saiki vaksin booster,1
54,gue habis booster gakerasa ya beda vaksin kalo udahnya rada rasa,1
55,sabtu habis triceps day senin vaksin booster omg dobel nyeri,1
56,maju lo the rose vaksin booster gue,1
57,maksud ya pesan gocar lho gocar xl extra protect vaksin booster,1
58,habis makan bakso kerupuk mie gede bengong kenyang gapapalah habis vaksin booster butuh tenaga ekstra,1
59,info vaksin booster,1
60,vaksin booster lengan kiri tanda lahir putih bisa nyuntik bilang sakit mbak kayak buras garuk gue kayak langsung hah buta mata lo,0
61,booster tebet rsud pfizer tinggal lantai kasih ktp vaksin,1
62,pas vaksin efek vaksin booster bersin pilek badan belah kiri lemes takut besok demam deh,0
63,maba kak vaksin booster usu,1
64,vaksin kali asa banget efek huhu pas apa gilir booster badan gue benar ngilu kepala gue pusing banget siang kantor meriang,0
65,vaksin booster pas taun jarak wkwk,1
66,fakk sakit tangan vaksin booster,0
67,min vaksin booster stasiun tiket kereta jarak terima kasih,1
68,wii asik deh booster vaksin pakai vaksin ya,1
69,buset badan karuan gara-gara vaksin boosterhaid day,1
70,minimal vaksin kali enak booster bebas mana,0
71,yuk booster biar imun bagus sih virus gagal ngeinfeksi kalo imun oke kalah abang grab,1
72,wkwk ya anggap minum vaksin booster,1
73,muncul jalan vaksinasi laksana berboosterbooster imunitas alami sintas imunitas artifisial vaksin bentuk bicara kena covid penjara tangan move on,1
74,offline vaksin booster its a thing,1
75,syarat rupa serah min vaksin booster hadir wisudawan doang keluarga komorbid kenan hadir bulan gue doain offline,1
76,sih sertifikat vaksin dosis masuk besok booster hua hua hua hua,1
77,interview syarat vaksin booster tahun minggu vaksin ya,1
78,jumat kemarin teman lippo puri doi booster pas scan tunjuk vaksin security nya dibolehin masuk,1
79,sesal vaksin booster kemarin kemarin,1
80,mjb tempat standing atur situ bilang vaksin booster penuh usia vaksin,1
81,efek telat fin booster asa asoynya vaksin,1
82,managemen gue kocak banget suruh bimbing akre tanggal suruh booster tanggal tau vaksin kipi kalo pas bimbing sakit bgimane dokter mikir heran gue,1
83,kakak apoteker vaksin booster alias vaksin vaksin,1
84,kalo vaksin boster expired bahaya sih duh kacau nih atur kereta booster takut,0
85,vaksin booster nya lumayan ngefek ngantuk,1
86,wta pengin booster muncul eticket vaksin tuh september juni kemarin ya booster tau tia,1
87,vaksin booster sakit diri putus tangan amputasi hiksrot takpe strong besok kesal,0
88,sertifnya kayak coba hubungin cp vaksin booster kayak catetannya kalo vaksin,1
89,vaksin booster yuk vaksin yuk,1
90,booster sehat bapak pas live isi suket sehat sertif vaksin,1
91,sumpah vaksin booster bikin meriang,0
92,eh vaksin booster vaksin coba deh cek apk peduli lindung sana sertifikat booster bingung benar,1
93,vaksin tuh nama booster ya,1
94,vaksin kak rencana booster hehe,1
95,pilih ngelist vaksin booster kecuali kasih libur antisipasi kipi kapok banget efek moderna pctjam kali klenger,1
96,benci vaksin booster kipi,1
97,maba booster ngacung pengin prabu offline sih sertifnya vaksin,1
98,done vaksin booster jalan cari kitab suci barat,1
99,vaksin ku moderna dtgin booster ditolakin moderna,1
100,booster vaksin nya pfizer demam gel minggu orang lemah,0
101,tonton konser tiket kartu identitas vaksin booster,1
102,kalo vaksin booster fix sih gue titan,1
103,sedih kokas masuk vaksin booster,1
104,guys lupa vaksin booster ya,1
105,demo vaksin booster kah pakai masker oke pas bagi minum masker dagu biar masuk video pas sorot masker taro dagu kerumun tan,1
106,vaksin booster banget fren,1
107,wajibb mana wajib booster vaksin,1
108,wkwk ambil booster lupa makan sih vaksin tuh,1
109,pilih section standing vaksin booster maish umurr,1
110,besok ya vaksin booster,1
111,hai kak vaksin booster sertifikat nya masuk,1
112,jog vaksin covid kali lihat story temenku booster kali ya,1
113,pintar deh vaksin booster,1
114,kemarin tugas aksi bingung pilih eh vaksinasi booster puskesmas inisiatif sih selesaiin tugas bantu tugas vaksin puskesmas ya bantu nyuntik takut malpraktek,1
115,vaksin booster trauma kipinya trauma kena covid kali,1
116,hasil vaksin booster day gel sakit kepala lapar rindu,1
117,atur tonton konser vaksin booster ges,1
118,underage sih standing vaksin kali kemarin tiketdotcom larang usia under vaksin kali and vaksin booster,1
119,kayak banget kemarin rencana vaksin booster vaksin,1
120,woalah kalo vaksin booster siang bagi tiket antre,1
121,kalo vaksin booster kemarin ngefek aku bengkak merah area suntik alhamdulillah demam diare moderna ya btw moga booster less drama,1
122,booster anjir ya kalo mana kapai vaksin dosis sih,1
123,vaksin booster indak booster nih rayi,1
124,gampang sih tinggal vaksin sakit banget efek sih booster,1
125,nder vaksin dua september kemarin juli booster,1
126,booster lindung lindung tonton pasti lindung super junior vaksin komorbid surat nyata dokter,1
127,gue mesti ngisi form pmb offline deadline tanggal vaksin booster booster gue tahun tanggal kagok banget maha anjir,1
128,singkat cerita urus akomodasi inap vaksin booster cuti kerja percaya tonton konser lancar nikmat libur jakarta btw asal malang,1
129,duh semangat adek kakjil sayang besok vaksin booster pulang lupa adek kakjil cari makan sayang ya biar repot adek kakjil kalo lapar,1
130,takut habis vaksin booster,1
131,booster wajib atas bawah tuh vaksin,1
132,atas booster bawah vaksin,1
133,meriang gara vaksin booster,0
134,anjir pusing habis vaksin booster,0
135,habis vaksin booster tangan sakit banget sih,0
136,day mpkmb sv ipb enak badan alhamdulillah vaksin booster masalahhalangan ikut mpkmb kakakaka panitia nya care alhamdulillah terima kasih kak,1
137,efek vaksin booster tangan lengan belah kiri gerak alias nyeri banget cok,0
138,maghrib tangan kiri gel rasa gel suntik booster kiri vaksin vaksin gel,0
139,kartu vaksin syarat booster pakai peduli lindung ya,1
140,booster vaksin sifat suka rela dasar sadar sila booster paksa,1
141,vaksin booster sakit main,1
142,paham vaksin lengkap sesuai umur gapapa paham ya tulis wajib booster,1
143,nasib nakes uji coba vaksin habis booster langsung kerja rodi,1
144,soundproject ribet banget deh atur ganti vaksin booster ngehe,1
145,habis vaksin booster lengan sakit,0
146,friends vaksin booster kendala mana,1
147,halo kereta ekonomi jurus pwt lpn vaksin booster vaksin tolong balas thanks,1
148,bahagia malam besok pagi vaksin booster,1
149,cakup vaksin booster indonesia mandeg galak mana gue harap perintah nyerah,1
150,nya krg tau hehe vaksin vaksin booster badan kayak krg vit hehe alhamdulillah nya ngefek ya ringan ajasi,1
151,vaksin booster tau efek kayak,1
152,habis vaksin booster deh paracetamol tau sih kipi kalah rumit isi kepala,1
153,purwokerto info vaksin booster urgent thanks,1
154,kipi mari booster lumayan iki nder apa sehat vaksin ping,1
155,efek vaksin booster kah badan gue sakit bobo,0
156,vaksin kasi booster orang nya booster iya wajib booster bingung booster kali ortuku pas booster nya beda kalo booster gapapa,1
157,sih wajib vaksin booster gue dengar booster kasih tau klinik anjur perintah booster booster,1
158,vaksin kasi booster orang nya booster iya wajib,1
159,friends vaksin booster kendala mana,1
160,booster kak standing kali vaksin,1
161,halo min kalo vaksin rsui langsung daftar booster,1
162,halo admin vaksin booster bandara buka non tumpang vaksin situ,1
163,mjb sertif vaksin booster pdf jpg ya,1
164,kemarin tau coba cowok doang gadibayar ngiranya standing vaksin booster pas bilang shock kasihan,1
165,sih anggota nih bikin ribet tau vaksin booster nakes nakes suruh vaksin duluan maksutnya bikin pusing bikin lapor kerja kali,1
166,ayo booster ya ayo vaksin tanah papua bebas belenggu covid varian nama omicron ba ba,1
167,jog vaksin booster kali vaksin,1
168,vaksin booster tingkat imunitas kali lipat,1
169,gila kalo kayak kena covid mending kemarin vaksin booster aja resiko,1
170,kemanamana wajib vaksin booster nurut,1
171,booster vaksin bikin uring malam tidur nyenyak kayak zombie kak aufar badan kayak sakit tidur leluasa,1
172,kabar senang pagi orang teman dosis sinovac booster orang teman operasi tumor otak kejang vaksin dosis orang rawat rs trombosit turun drastis jaga,1
173,puan maharani dukung vaksin empat tenaga sehat puan cakup booster partama tingkat puan presiden,1
174,eh tau ya coba cek tiket vaksin boosternya app jaki langsung cari booster situ adek tulis tiket vaksin booster sedia salah,1
175,kalo booster beda vaksin nya sinovac astra pfizer astra modernapfizer,1
176,besok vaksin booster,1
177,lelah banget habis vaksin booster,1
178,post vaksin booster alias vaksin dosis aman haha,1
179,lengan gel habis vaksin second booster vaccine,1
180,covid indonesia sistem ajar tatap muka laku lantas vaksin booster anakanak,1
181,hadeh suruh vaksin booster dadak banget info,1
182,work vaksin booster muncul sertif booster baik ya,1
183,pengin vaksin booster,1
184,kalo pfizer nya pas booster pakai negeri vaksin ulang wkwk,1
185,amin kalo salah minum obat deh habis vaksin tuh gaenak badan parah mah wkwk tunggu pengin booster sih kaya,1
186,demam efek vaksin booster moderna,1
187,review booster demam parah booster sakit lengan rekomen vaksin demam abadi,1
188,vaksin booster moderna nikmat kipi nya,1
189,rasa vaksin booster ngantuk kepala pusing ngantuk tahan tidur nyeri area suntik,1
190,gue booster tiket kereta tata vaksin,1
191,alhamdulillah vaksin booster no kipi kipi,1
192,ya sih cape dikit sek vaksin booster hesjan,1
193,gigil pirsa landa vaksin booster,1
194,guyon daftarin parpol kpu anggota wajib vaksin booster ya,1
195,habis vaksin booster lengan berat demam diajakin omong kayak orang ngefly,1
196,coba santai atur pola hiduptidur atur dokter sakit hipertensi sebab pola hidup tidur stres alhamdullilah bulan normal nder pas vaksin tolak,1
197,gue nemu seminar maino hyung persentase vaksin booster kalo salah dosis tambah imun sender kaget antem virus vaksin kali lipat pas vaksin sakit bad cmiiw ya,1
198,efek vaksin booster hari ngantuk lapar percaya makan nasi padang bungkus lapar,1
199,habis vaksin booster rasai enak banget,1
200,ih kalo entar booster vaksin ambil sih efek booster kemarin ngeri,0
201,kipi vaksin booster edan tenan,0
202,lupa vaksin booster,1
203,vaksin booster mampus lu heran bego piara kambing noh piara,0
204,vaksin booster lemes kepala pusing rasa,0
205,bismillah niat vaksin booster moga kipi,1
206,loh tensi rendah tunda boosternya ya tensi rendah pas vaksin kemarin coba booster sih,1
207,hihi pagi jadwal vaksin booster total vaksin empat,1
208,vaksin booster moga leyot ya ges ya,1
209,gratitude journal day syukur vaksin booster coba abis ngobrolngobrol adik main keponakan bentar obrol temenku semangat,1
210,pusing benar mah salah banget vaksin jadwal jaga ganti infus kuat ngangkat tangan rasa booster kemarin,1
211,semangat om gue alumni covid vaksin booster vitamin air putih plus jemur jam pagi insyaallah kelar om kur sehat,1
212,gantung fisik om vaksin booster efek samping nggeregesi sepeeti takut orang pokok e aman wes,1
213,sehatsehat nano eh teman booster pakai pfizer virus nular insya allah nular vaksin kaya anak,1
214,art pulang nak bayik jatuh sepeda langsung imunisasi vaksin booster mantap moga habis vaksin drama ya bapak dinas solo hu,1
215,habis vaksin booster sakit banget ya anjir,0
216,vaksin booster pandemi bentuk mitigasi resiko longgar sosial booster masyarakat milik kebal tingkat durasi proteksi panjang,1
217,vaksin booster lindung banding dosis infeksi vaksin booster cegah gejala kurang parah risiko,1
218,halo min tolong bantu booster moderna galaxy mall mei follow up faskes isi data peduli lindung milik sertifikat vaksin aplikasi,1
219,gokar vaksin booster ditechno jenis vaksin apaya makasii,1
220,oh vaksin empat gas booster,1
221,vaksin booster badan sakit anjing,0
222,bumil vaksin booster,1
223,vaksin booster butuh warga sehat mudah proses administrasiperjalanan,1
224,habis vaksin booster moderna tangan gel banget,1
225,kalo booster pfizer benar tumbang ya vaksin,1
226,vaksin booster teh asu,0
227,kemarin vaksin booster alias vaksin dosis empat kipinya drama booster b dosis ya alumni covid kali kebal badan ane,1
228,tuju utama vaksin booster agenda konser jalan lancar,1
229,teman teman kipi efek second booster tiket vaksin deg deg an,1
230,booster done dah ya vaksin kelar tau deh kipi aman sih drama kayak pas booster nyeri bekas vaksin,1
231,eh ya bilang konspirasi covid covid denial banget sih gejala flu persis banget sakit gejala berat kali lipat untung gue vaksin booster,1
232,tes sehat suruh vaksin booster sarap,1
233,gel tangan booster dapat sertifikat orang vaksin booster sertifnya bangsat,0
234,vaksin booster seram haha,1
235,efek vaksin booster hilang hilang deh,1
236,lupa vaksin booster biar lancar vaksin vaksin kendala vaksin tubuh vaksin antibodi bentuk sanggup tampung vaksin,1
237,vaksin booster gel banget ya vaksin kemarin asa gapapa,0
238,yaallah after vaksin booster ulang kipinya lemes,0
239,apaansi nyuruh vaksin orang tinggal booster doang,1
240,vaksin booster lagivarian sebab vaksin orang habis vaksin sehat sakitanoknum uang rakyat sakit,0
241,booster manfaat lindung dagang vaksin impor vaksin beli paksa pakai kali vaksinbooster kena,0
242,minim vaksin booster kayak,1
243,rasa gejala efek vaksin moderna kayak booster dosis tangan bekas sunti pegal pusing badan sumengsumeng,0
244,oh iya gue engah vaksin booster wkwk anjir pikir gue kalut banget kayak urus negara,0
245,ya kasih tau tau sih indonesia beritain kalo mall public minimal booster vaksin cmiiw,1
246,buru deh vaksin tiga mana wajib booster,1
247,pikir info vaksin booster temenku mingdep kalo mesennya pisah takut bareng tt,1
248,cih besok vaksin booster begadang maraton konser,1
249,bingung booster tuh kali kalo vaksin kali ya,1
250,habis vaksin booster h gel linu tangan h panas turun h hidung pengar kagak selesai anjir,0
251,sakit vaksin booster jatuh celaka motor,0
252,gara efek vaksin booster kemarin nih badan sakit gila bonyok kalo bijak usaha suruh vaksin booster mah ogah banget kapai booster,0
253,ya pas vaksin apa sih pakai pfizer tau nih booster,1
254,dok mahasiswa fk vaksin berapa booster,1
255,wkwk iya kali mahasiswa profesi kak oh habis covid bulan langsung vaksin tau jarak enggak sih kak konsultasi dokter patologi minimal negatif,1
256,cerita kemarin gue booster vaksin sinovac az hahaha kayak sakit apaapa ah kayak rasa ges pas suntik tuh,1
257,anih kakak korban pukul dengar adik suka ajak warga vaksin booster tinggal vaksin,0
258,habis vaksin booster kayak orang sakit sih,0
259,ness info vaksin booster unnes semarang,1
260,efek booster vaksin rasa bareng sariawan ujung allah,1
261,bingung vaksin booster,1
262,minggu kemarin vaksin booster minggu sakit kepala efek vaksin minum reda nyeri sakit,1
263,tepar beh habis vaksin booster kemarin,1
264,minimal vaksin booster masuk tahap kak,1
265,gas gapapa vaksin booster kuat jantung hati buat allah buat pabrik,1
266,min kalo daftar booster tuju jaki tuh cek kuota vaksin,1
267,gue vaksin booster pengin butuh,1
268,vaksin booster kuat ayok kasih serang kuat,1
269,caca vaksin booster gas,1
270,booster sakit kemarin deh vaksin wkwk,1
271,vaksin booster sih,1
272,cowok pc malam besok vaksin booster bobo cepat,1
273,vaksin booster ya enak,1
274,vaksin booster pakai pfizer reaksi terima kasih ndes,1
275,pengin vaksin booster takut efek,1
276,boosterku astra gejalane kayak omicron h vaksin pos cov wkwk,1
277,renjun maju gatakut deh vaksin booster,1
278,blekoyen vaksin booster,1
279,sayang booster jenis vaksin kalo vaksin jenis vaksin apa booster,1
280,gue vaksin booster agustus wkwk bett,1
281,tetap vaksin ayo booster vaksin,1
282,presiden tekan vaksinasi gencar laksana daerah lanjut vaksinasi vaksin vaksin vaksin kuat booster presiden,1
283,gaes maaf oot vaksin booster efek booster maju mundur hope,1
284,vaksin booster jamin kuat hadap ganteng nct dream,1
285,gila efek vaksin booster sakit banget lengan kaku,0
286,besok vaksin booster insyaallah huhu moga,1
287,guys vaksin booster daftar ya,1
288,moga tidur cepat biar telat vaksin booster,1
289,kereta jarak tuh minimal vaksin ya booster,1
290,nakes booster vaksin ya,1
291,minggu hilang nafsu makan cepat lelah iya banget plus daya nurun vaksin booster deh lngkp kena,1
292,efektivitas vaksin primer turun masyarakat dihimbau vaksin booster upaya lindung,1
293,nyuntikin vaksin booster kayak kak,1
294,antibodi duduk ri tingkat alami naik antibodi masyarakat vaksin,1
295,ayo vaksin booster cegah lonjak covid nkri tumbuh kuat,1
296,efek vaksin booster lumayan asa ketimbang,1
297,orang wajib suntik vaksin kali kali alias booster nkri tumbuh kuat,1
298,juru bicara tim satgas tangan corona profesor wiku adisasmito vaksin booster kuat antibodi manusia suntik vaksin dosis nkri tumbuh kuat,1
299,virus hasil mutasi ganas wajib waspada warga negara indonesia usia wajib suntik vaksin booster nkri tumbuh kuat,1
300,booster kali vaksin sebab efektivitas vaksin turun sunti vaksin corona dosis dibooster nkri tumbuh kuat,1
301,badan capek pengin vaksin booster aman sih jarang banget vaksin booster domisili gue,1
302,tetap milik poin salah satu wajib vaksin booster syarat pasuk fasilitas publik fasilitas nkri tumbuh kuat,1
303,tuang syarat vaksin booster kecuali masyarakat vaksinasi nkri tumbuh kuat,1
304,kuliah offline vaksin booster,1
305,efek vaksin booster astra kayak simulasi covid sakit parah badan panas mual muntah sakit kepala parah badan sakit kalo pegang badan gel parah tidur saking sakit tahan,0
306,alhamdulillah vaksin booster desember ribet tes pcr vaksin booster laku vaksin siap pasti sehat tidur makan istirahat laku vaksin kondisi paksa,1
307,maaf kak annual pas vaksin booster,1
308,tambah asih tau atas wajib vaksin booster ya standing seating,1
309,ayah vaksin anak vaksin booster maju mundur,1
310,sadar hina vaksin anggap lawan nurut perintah ya dukung perintah wajib deh booster takut,0
311,personil sat polairud polres bangka barat laksana giat himbauan nelayan masyarakat putar labuh limbung giat personil piket ajak masyarakat nelayan vaksin booster laksana vaksin antisipasi,1
312,habis vaksin booster sakit kalah sakit pas covid,1
313,vaksin asa kayak yauda efek pas habis booster asa remuk badan,1
314,hahaha guna antibodi virus asli wuhan makan tuh antibodi hasil vaksin efektif satusatunya jenis antibodi efektif hasil infeksi alami,0
315,booster gampang meriang eh kemarin habis vaksin badan gaenak banget,1
316,dok bos booster tuh kena covid vaksin kebal tubuh lemah dok dosa dunia akherat dokter tau kandung vaksin insyaf dok,0
317,vaksin booster kuat ya,1
318,bayang deh vaksin booster faskesnya kagak diinput data klaim sertifikat peduli lindung deh vaksin asa kesel banget heu,1
319,vaksin booster rasa banget gel,1
320,model vaksin booster ya bang,1
321,vaksin booster kalo freenya weekend rawr,1
322,vaksin booster kapten gaboleh angkat piala,1
323,kalo cuci uang pakai syarat vaksin booster ya bu dok,1
324,mending olahraga paksa kalo booster vaksin paksa penting biar laku sih beda orba,0
325,booster antibodi eh kena covid kali masuk rumah sakit mending vaksin kena covid sehat walafiat,0
326,efek vaksin booster ya pusing,1
327,vaksin orang booster,1
328,vaksin booster rsnd sih nder dapetnya pfizer mahasiswa undip stocknya habis ya krg tau,1
329,pesan tiket vaksin booster h berangkat vaksin booster kak butuh swab antigen,1
330,scan tau booster pas vaksin sih,1
331,habis vaksin booster alhamdulillah terimakasih dibantuin orang,1
332,wajib vaksin booster install peduli lindung,1
333,vaksin booster umur,1
334,vaksin booster sehat sakit,0
335,kalo masuk mall checkin pedulilindungi pakai akun teman vaksin booster hacker,1
336,vaksin efektif,0
337,vaksin aman booster drop ya bekas suntik kayak habis tonjok,1
338,alhamdulillah vaksin booster kena kipi,1
339,vaksin covid booster bahaya rusa immunitas tubuh,0
340,vaksin booster efek ngantukan banget anjrit,1
341,fyi giias vaksin booster masuk suruh vaksin,1
342,minggu telapak tangan kanan jepit pintu mobil spot sakit rabu kepleset bekas edo ngepel jatuh telak banget tebaring nopangnya pakai lengan kanan siang vaksin booster bahu kanan tinggal rontok tangan kanan,1
343,link kaji ilmiah cdc kait oiya riwayat dvt duga tungkai vaksin booster tjd bentuk protein area bekam cegah bentuk protein,1
344,sumpah ya kesel banget sertifikat ada vaksin kemarin cuy nge data vaksin kali muncul capek banget hey vaksin booster kesel pas foto kertas,1
345,serius efek vaksin booster lapar,1
346,i orang vaksin booster syarat menujunkan tiket fisik tugas tribun pintu khusus jalur evakuasi lalu tugas korban sadar mas,1
347,kemarin sih jangka vaksin tahun booster sih tau bijak,1
348,besok vaksin booster deh,1
349,kemarin ambruk gegara vaksin booster ambruk gegara keujanan,1
350,kalo card booster cetak cetak kertas f ya wkwk otw booster vaksin,1
351,menang banget benar tiket nhc murah banget gue tonton booster vaksin sih,1
352,ih kasihan banget ngulang vaksin lebih batas alhamdulilah banget febuari gue booster debat nyokap gue diwajibin booster vaksin sana jebret lebaran booster bebas pcr,1
353,kalo card sertif booster sih kalo booster vaksin cmiiw,1
354,dips syarat kuliah luring vaksin booster ya booster daerah stock modernanya kosong,1
355,vaksin kali sertifikat booster ya blaaas tt,1
356,untung vaksin booster tanggal kemarin,1
357,segitu nafsu paksa vaksin booster masyarakat keluar atur perintah anjing,0
358,sertifikat booster ya vaksin tanggal langsung,0
359,vaksin booster jam an sertifikat vaksinasi nya muncul aplikasi pedulilindungi nya,0
360,vaksin booster saran lanjut bentuk dekat bas edukasi aja rela,1
361,air jordan vaksin booster paksa pergi pas sakit mending air jordannya jual biaya rs,1
362,jalan sehat vaksin booster,1
363,habis booster kepala sakit vaksin keluh,0
364,habis booster ya kalo surat sehat e pakai kartu vaksin ya mager,1
365,iya kalo pergi vaksin booster,1
366,cepat baik perut kangen kena vaksin booster,1
367,ribet anjir vaksin booster anjir,0
368,pakbu jadi syarat teman gue vaksin booster peduli lindung sertifikat,0
369,ok selasa gue vaksin booster st manggarai,1
370,efek rumah vaksin booster sekali rumah hilang ingat kalo bawa duit,1
371,habis vaksin booster siang tangan ngilu banget,0
372,akun ku vaksin booster,1
373,masuk mall vaksin booster ya hm iya,1
374,booster astra habis vaksin kasih paracetamol nurunin panasnyaa,1
375,pengin vaksin booster takut banget yallah,1
376,misalnyaaa vaksin kali booster tuh tuh batas booster halang pas booster,1
377,vaksin dosis vaksin booster masuk ya kak,1
378,yuk joki vaksin vaksin langsung full dosis booster more info please dm wa,1
379,target minggu besok tinggal menit berani vaksin booster wkwk receh,1
380,kasus teman kantor positif positiftas ratenya orang pcr kungkinan positif kabar baik tingkat mati rendah berkat vaksin makan gala vaksin,1
381,sih kondisi imun vaksin booster kena ketat ya protokol,1
382,efek vaksin booster pfizer aman guys booster besok sender rencana vaksin rabu kota aman ya,1
383,anjir hilang trauma vaksin booster kemarin suruh vaksin booster,1
384,mantap naik antibodi alami vaksin booster moga gelombang,1
385,vaksin september az booster asam lambung kambuh mudah aman booster ringan effeknya sinovac atur kayak az dosis pfizer,1
386,vaksin booster donor darah,1
387,suka kalo sistem teh temenku vaksin aplikasi booster wkwk,1
388,kemarin bilang masuk sertif vaksin pedulilindinginya aktif wajib booster,1
389,tau sekitar jis suka tenda vaksin booster lihat pas acara jakarta hajat atas,1
390,kalo vaksin booster tuh scan barcode peduli lindung kah,1
391,ngomongngomong booster vaksin booster,1
392,habis vaksin booster lengan berat demam diajakin omong,1
393,kak kalo vaksin booster tes antigen ya,1
394,masuk kereta tugas vaksin booster alhasil gajadi pulkam,1
395,habis vaksin booster badan kayak langsung gel kayak remuk anjir,0
396,pegal bekas vaksin booster yaallah ampun,0
397,oh iya habis kena cvd ya bulan kena cvd gapapa vaksin temenku nakes kerja rs gas langsung vaksin booster wkwk,1
398,kemarin badmood masuk aeon gara-gara vaksin booster haha,1
399,demam lemes doang pas booster vaksin,1
400,syukur saran wajib kayak wajib vaksin booster terima kasih loh manteri ide brilian nya o iya dar info tol bbm murah loh happy sunday,1
401,vaksin booster emaknya demam anak duh,1
402,tmptku pakai aplikasi pedulilindungi doang vaksin booster cek kali,1
403,perkara habis vaksin booster tangan kayak habis pakai sarung tangan thanos endgame,1
404,gue booster kemarin pas vaksin haha hihi ngeluh dikit tangan gue rasa gel bangun tidur kaget badan gue gaenak banget ya allah tangan sakit dua gue packing order tahan sakit demam anjir,0
405,dulur perintah baharu jenis vaksin dosis covid booster,1
406,booster mumpung gratis kalo vaksin wajib pcr test,1
407,aduh vaksin booster sih booster sakit,1
408,vaksin kali astrazeneca booster kali saudi laku syarat vaksin haram tanggung ulama mui negara arab ulama vaksin astrazeneca bu,0
409,demam demam muncul flu ya booster pakai vaksin,0
410,walaahh enak banget tuh iya kayaknyaa vaksin booster efek kuat ganti musim rawan sakit,0
411,vaksin booster ya wkwk war moderna,1
412,cari tebeng cari vaksin booster sulit bunda,1
413,oh vaksin deh vaksin covid kali tinggal booster,1
414,dok maaf muslim vaksin booster ya bilang vaksin halal no salty ya,0
415,vaksin booster kemarin,1
416,budak globalist vaksin umur hidup kau mati booster vaksin tanda warna turun level warna hijau kuning kuning merah vaksin mampos,0
417,kena sakit sih kena varian ringan sembuh badan lemes gampang capek booster klrg kena jdnya ya batas,0
418,vaksin booster sakit tau efek vaksin,0
419,kalo vaksin booster covid kaum kadrun haram vaksin halal paham tolak sholat jenazah muslim pro ahok,0
420,kalo booster nunjukin tera tiket deh vaksin,1
421,laku vaksin lengkapbooster,1
422,aman loh vaksin booster gaess,1
423,butuh amunisi tolak vaksinbooster covid hancur omong goblok anggota sekte covid,0
424,vaksin engah tiket second booster tuh february,1
425,dicky booster manfaat proteksi terima vaksin dosis tiga booster proteksi turun persen,1
426,rakyat beban vaksin booster biar punah,0
427,vaksin booster vaksin,1
428,iya gapapa boost pakai vaksin booster ya,1
429,hebat banget badan vaksin dosis booster kipi wkwk,1
430,vaksin booster abis demam,1
431,booster pfizer efek pusing parah banget sih vaksin nya sinovac,0
432,astra vaksin nya booster ya ain vaksin demam cuman gel tangan bekas suntik,1
433,gel sih tangan pusing demam tuh kemarin tau efek booster efek panas pas antri vaksin lumayan diri kaya bapak aman,1
434,besok vaksin coba minum obat turun demam ngurangin efek booster vaksin,1
435,admin min singapura isi myica sertifikat vaksin pedulilindungi pakai booster tq,1
436,halo kak sender nya vaksin booster gapapa ya maaf bis provinsi,1
437,sabar kuat vaksin booster,1
438,vaksin booster sakit sih,1
439,habis vaksin booster pengin kemah oh efek camping kali ya,1
440,vaksin booster meriang linu keringat dingin minggu loh plis,0
441,rasa nih efek vaksin booster,0
442,mostly iya dok pakai masker diitung jari kerja klinik orang periksa pakai masker argumen lupa buru vaksin booster,0
443,vaksin kandung bahan haram agama bahaya sehat tubuh manusia,0
444,gaes covid turun kendor jaga prokes ya lengah malapetaka,1
445,vaksin aman booster nya bikin meriang,0
446,bikin tetap jam layan booster tuh ya jam vaksin jam jam vaksin jam antri,1
447,siap moga tepar kayak booster ya soalnyakan fisik orang bedabeda tuh tepar banget kemarin kayak hidup segan mati vaksin amanaman wkwk,0
448,ada vaksin booster,1
449,orang orang deh vaksin booster haha,1
450,vaksin vaksin booster booster,1
451,izin share alam habis vaksin booster pfzier menit habis suntik dada senap mata nang sesak jantung degup tidurin tengah bangku tunggu vaksin sadar minum air keringetan,0
452,tonton bioskop vaksin booster ya,1
453,rrc booster rakyat milyar wajib test pcr virus imunopatogenesis vaksin guna,0
454,vaksin booster astra mudah capek kena panas matahari kena air hujan gerimis muka kena langsung deh pilek bersin bersin rasa gopok badan,0
455,besok vaksin booster siang malemnya jaga igd semangat,1
456,pas minions satu pengin gue vaksin booster,1
457,iya mama ajak vaksin booster ya,1
458,kalo vaksin booster sertifikat langsung sih,1
459,vaksin bikin ribet bikin sakit,0
460,si vaksin booster kena,0
461,alhamdulillah vaksin booster moga efek kayak moderna,1
462,vaksin booster tunggu vaksin ln approved tiket boosternya kirim kirim chat cs kemenkes wa solusi bubar layan masyarakat kalo kali chat balas copas sem,0
463,malas banget vaksin booster gel suntik mulu,0
464,vaksin sinovac kemarin booster pfizer astagfirullah gel nya ngotak wkwk,0
465,status hijau gue data vaksin booster nya deh masuk,1
466,pas kontrol rspuskesmas nyuruh paman vaksin booster tahu vaksin untuk orang kondisi sehat,1
467,orang sehat vaksin cek kondisi tubuh riwayat sakit tensi darah dll paman suruh vaksin booster,1
468,senin paman kontrol suntik vaksin booster badha ashar paman tinggal dunia,1
469,sih aman vaksin pas suami booster covid nular covid takut,1
470,habis vaksin booster badan asa dipukulin orang alias gel banget,0
471,vaksin booster alas pergi sabtu,1
472,mending gue vaksin booster kenal organisasi,1
473,pas antri antri vaksin booster,1
474,pikir vaksin covid kali bangun cerdas rakyat dokter sadar halusinasi lindung vaksin btw presiden menteri gubernur booster tuh ya,0
475,malpraktek kak rs obat diri izin resmi lalai medis kurang informasi milik kait vaksin booster boomerang keluarga,1
476,sharing vaksin booster otot leher kiri pegal jam vaksin tetiba pundak kiri bak kilir kaca pundak kiri pundak kanan coba renggang pakai minyak,0
477,vaksinasi serta utama vaksin booster layan serta vaksinasi,1
478,vaksin booster kampret kapai sih pakai sok ngide booster boosteran ultramen sih,0
479,jujur percaya konspirasi bilang vaksin covid bahaya rugi percaya kalo habis vaksin kena covid vaksin positif teman,0
480,sehat cobacoba tawar tawar kait covid ikut alur prokes vaksin booster insya allah aman sehat salam sehat sobat nkri,1
481,vaksin booster takut ajak pulang kampung lampung mama mertua hehehehehe,1
482,habis vaksin booster tepar,0
483,circle sih lu goblok buta minim informasi btw nakes semenjak vaksin booster bikin cuit sesal vaksin,0
484,astrazeneca parah banget booster pakai besok kuat bangun lemes banget bawa ngantuk kemarin booster pakai pfizer ngantuk doang habis vaksin terus,0
485,gua kali booster efek samping nethink benar vaksin disuntikin,1
486,gue vaksin booster alhamdulillah kenapakenapa gel doang sih tangan,1
487,capek lihat replyan tulis wajib vaksin booster syarat antigen pcr hapus eh vaksin min vaksin min dll orang indonesia rendah minat baca ya,1
488,mohon jelas ahli imunologi positif covid vaksin booster signifikan bentuk antibodynya vaksin terinpeksi virus covid,1
489,biarpun gue vaksin booster jalan pesawat pengin kereta jarak mana ya enak,1
490,ayo pilih selagi stok vaksin booster jamin orang sehat mike tyson,1
491,booster sih pas vaksin pakai sinovac sakit ngantuk capek sakit tangan takut pas booster sakit,1
492,untung jadwal gue vaksin booster gampang urus administrasi kalo mana heuheu amaaannn,1
493,besok booster gais doain moga tumbang habis vaksin ya huhu,1
494,ya atur terbang vaksin booster jeda jeda berangkat atur bilang berangkat booster hadeh,1
495,wajib vaksin booster,1
496,min atur laku jalan negeri min malaysia wajib booster jarak vaksin pcr,1
497,enak ya wna vaksin kali aku booster jilid jilid vaksin novel sih,1
498,beli tiket atur laku min istri vaksin booster tunggu surat terang dokter mohon atur ubah rugi sayang,1
499,ayo serang dek takut vaksin booster,1
500,ya booster usaha vaksin vaksin,0
501,cari kerja halang sertifikat vaksin booster,1
502,wajib vaksin booster dosis pergi,1
503,gue vaksin booster untung gue wajib vaksin booster,1
504,lengan pegal vaksin booster mudah kipi,1
505,habis vaksin booster badan linulinu lemes hawa dingin beda dingin demam,0
506,efek haid efek selesai vaksin booster parah haid huhu,0
507,sakit aneh pasca booster orang denial ketua komnas kipi sangkal kalimat butuh ribu korban bilang,0
508,yuk tidur cepat besok vaksin booster,1
509,guys rencana vaksin booster beda jenis vaksin beda dampak kah mau vaksin jenis doang,1
510,sadar vaksin booster vaksin booster,1
511,jenis vaksin vaksin booster dosis nakes pfizer,1
512,vaksin booster lihat teman nya duluan vaksin selamat,0
513,habis vaksin booster bawa pengin rebah mulu ya,1
514,kemarin pas teman habis booster vaksin lengan bengkak break makan siang pas cerita kocak kali mukul lengan bengkak bilang mukul piring cantik wkwk kasihan reflek banget gasadar suruh duduk belah,1
515,numpang dokter wna syarat vaksin booster beda wni,1
516,negara cipta vaksin warga jarang vaksin klopun jarang booster kadang bodoh jadi pasar jual vaksin bangga,0
517,vaksin booster wkwk,1
518,ajar vaksin covid kali infeksi covid suruh vaksin booster,0
519,gila ya sulit kendara jalan vaksin booster bgaimana orang vaksin sakit,0
520,vaksin pfizer pas booster pfizer demam hari anjir pala pusing banget,0
521,hari habis vaksin booster moderna asa sakit banget lengan suntik semangat,0
522,deh vaksin boosternunggu efek orang kayak vaksin,0
523,gue kudu cari booster deh bulan batuk pilek sembuh bentar batuk pilek anjir kemarin pas vaksin kayak sakit mulu,0
524,gue vaksin kasi booster pfizer kocak,1
525,habis vaksin boostermakan makan makan makan ngemil makan,1
526,habis vaksin booster badan langsung letoy,1
527,habis vaksin booster ajak ngebutngebutan jalan priok bareng abang ojol mental belakang wkwk,1
528,habis fikir gara ikut vaksin usaha ikut vaksin booster program perintah sdgkan usaha ada vaksin booster karyawan nya,1
529,nakes kak mah vaksin booster oalah yaampun semangat cinta,1
530,orang indonesia mampir kota wajib vaksin booster orang negeri masuk indonesia wajib vaksin booster sih jalan pikir perintah,0
531,umat manusia hardik umpat umpat media sosial tidak jelas pandemic ragu jancuk tenan hidup paksa paksa vaksin booster,0
532,aduh niat booster wkwk percaya vaksin gendut,0
533,habis booster vaksin moderna boosternya pfizer efek gel tangan,0
534,oke baik kali mana pakai kai tunggu bijak wajib booster cabut heran deh sih banget booster vaksin kali,0
535,vaksin booster saat salah aleena ditaro kasur tangan gel banget,1
536,orang mah habis vaksin booster pusing meriang demam gue laper mulu stop wei stop,1
537,vaksin big pharm bukti efektif dok kena booster kalo efektif lapor teliti ilmiah coba share,0
538,orang kantor kaget vaksin booster vaksin pas hamil habis nikah pas hamil oalah kemarin vaksin,1
539,kayak vaksin booster bikin kebal pilek,1
540,anak lucu anak cepat sembuh ya biu kuat vaksin booster yuk yuk sembuh,1
541,vaksin booster wajib vaksin booster gabut tau mana,1
542,selamat sore jalan negeri minggu tunggu vaksin ln approved tiket booster buka buka,1
543,tanya mana vaksin booster moderna orang primer moderna setengh mati cari kosong,1
544,minggu niat vaksin booster angga vaksin pikir sekali ya vaksin dosis,1
545,vaksin booster bayar kak,1
546,gue batuk pilek sembuhsembuh pengin vaksin booster sakit ya,1
547,efek vaksin booster kemeng alhamdulillah drama panas tangan susah digerakin kayak vaksin booster,1
548,vaksin nya astra kasih pfizer aman tumbang reaksi tubuh beda jaga imun tubuh booster,1
549,habis vaksin booster efek nyeri tangan gue,0
550,halo habis vaksin booster kondisi kini kapar lemah alias sakit banget tangan gue anjir,0
551,habis vaksin booster kemarin tuh nafsu makan makan hari minum air putih doang,0
552,kencang vaksin booster naik enjoy parah teng kepala gue wkwkw,0
553,vaksin booster hiks kosong insyaallah besok deh cari,1
554,susah nyarinya gaboleh suntik jenis vaksin mudah cari warga sinopharm after booster kebal secihuy warga vaksin nonsinopharm,0
555,kali kali kontak erat pcr kali negatif antigen puluh kali non reaktif lewat kelam pandemi alhamdulillah aman vaksin boosterhamdallah rasa positif covid pecah telur otw sarjana,1
556,vaksin booster ya,1
557,anak gue vaksin covid boleh anak pfizer untung emak ikut booster,1
558,infus badan drop magh kambuh habis vaksin booster futsal tipes kambuh besok jdwal pusling sabtu posyandu kudu cepat sembuh kerja ndk habis,0
559,efek vaksin booster takut banget besok vaksin,1
560,vaksin booster hilang virusvirus benci,1
561,kalo pilih mah gue vaksin korelasi kerja gue segenap transportasi darat udara paksa bikin gue vaksin alhamdulillah gue booster sehat rumah gue menara pancar dil,1
562,berita berita vaksin milik efikasi sekian vaksin milik efikasi sekian ujungujungnya ya suruh boostervaksin tiga,1
563,vaksin booster efek samping e tambah nafsu makan ta,1
564,gue vaksin sertif booster sumpah allah gue tau ditawarin bokap booster gue bilang serah ditungguin gue bawa vaksintau ecek pedulilindungi sertif boost,1
565,gue nebak kayak bokap gue ngakalin biar gue sertif booster vaksin,1
566,ugmfess vaksin booster gratis mana ya kalo vaksin sih terima kasih ygy,1
567,booster tuh vaksin kali,1
568,dewasa vaksin wajib vaksin booster,1
569,vaksin booster,1
570,cepat banget habis booster kemarin takut vaksin deh,1
571,greges pusing habis vaksin booster sakit banget deltoid,0
572,booster vaksin omong kemarin kemarin mabok,1
573,paksa booster tentu kantor data setor kantor tempat vaksin tentu biadab birokrasi indonesia,0
574,habis vaksin booster galau,0
575,kuliah doang kaya giat hari ya thats why vaksin booster,1
576,kemarin suruh vaksin booster malas,1
577,vaksin sekian kalinyaaa efek kayak booster kemarin,1
578,moga hakim buka hati pikir nya wilayah indonesia bebas kunjung rakyat indonesia kecuali larang uu larang pergi booster idiot bohong vaksin halu a,0
579,sertifikat vaksin booster,1
580,vaksin kandung bahan haram agama bahaya sehat tubuh manusia ters,0
581,ejak keren vaksin booster,1
582,vaksin booster lupa sibuk urus rumah btw vaksin royal buka jam ya,1
583,makan tuh vaksin gratis butuh vaksin bbm ya protes ambil booster bayang ngisi bbm gratis,0
584,booster syarat kota masuk mall seinget kampus kantor syarat booster vaksin salty pengin tunda kirakira nab,1
585,wow benar pagi gue vaksin dokter booster nya nihterus gue tonton konser marahin sehat maaf bu dokter ikon konser,1
586,vaksin ayo buru kemanamana loh acara minimal booster takut umur ditentuin,1
587,selamat sore beratnyakenapa terima vaksin booster sendi alami nyeri ngilu ya cocok vaksin cocok tubuh,0
588,habis booster vaksin jam gin makan wkwkwk,1
589,vaksin booster barang dagang mafia vaksin jabat negara salesnya,0
590,hadiah vaksin booster,1
591,pagi vaksin booster langsung berangkat kerja pas pulang tbtb hujan jeder langsung gede anjir mood aing langsung turun turun turun mah,0
592,jam vaksin booster efek rasa tangan pegal sakit area bekas sunti,0
593,booster keras ya vaksin sakit sih terbang tanggal kamis izin tanggal,0
594,day after vaksin booster efek parah moga besok demam,0
595,lumayan keras pas vaksin enteng eh kena booster ambruk minum paracetamol bekas sunti nyeri banget booster besok langsung kamis enak ya entar kerja susah,0
596,alhamdulillah pasca booster efek vaksin pegal suntik,1
597,alas prokes bini vaksin booster masuk penjara pedulilindunginya merah,1
598,habis booster vaksin jamin kebal virus sih rasai cilor crepes kokk,1
599,bijak turut aneh kali pilih vaksin vaksin pcr swab booster no choice ya tunggu booster,1
600,asa doang semenjak vaksin booster imun tubuh lemah lupa opname,0
601,sakit we tangan gue habis vaksin booster bekas suntikanny parahhh sakit benerrrr,0
602,pengin trip gue vaksin booster,1
603,habis booster asa kayak siksa banget sakit kayak pas vaksin moga demam,0
604,tiket kereta pp dibayarin makan tanggung iya vaksin booster gue bayar pcr yaallah kayak gue kalo ajak main teman gin banget deh,1
605,teman gue bilang kalo suntik booster sakit vaksin kayak linu asa banget pokok,1
606,pagi gue booster habis suntik enteng mikir ah sakit inimah vaksin habis suntik langsung asa kram banget anjir,1
607,hasut cepat vaksin booster diiming imingi kipi gampang kena tipuuu,0
608,widihhh selamat ulang selamat vaksin booster,1
609,info nurunin demam linu linu badan kemarin siang vaksin booster malam malam demam deh mnum parasetamol,0
610,lamar kerja vaksin booster,1
611,syarat ratu hati vaksin booster kalo iya booster,1
612,yaalah pusing banget habis vaksin booster,0
613,gue vaksin booster tiga moderna gel doang lengan tumbang vaksin booster empat gel lengan doang ngantuknya tolong untung gue masuk malam,0
614,moga besok vaksin booster,1
615,vaksin booster nya diitung total kali vaksin wkwkwk,1
616,suka vaksin booster kalo hubung deh capek divaksinyah stop traveling nya,1
617,vaksin booster bandara kualanamu kah batas quota hari,1
618,ahli epidemiologi ungkap vaksin booster bukti tingkat antibodi lawan covid ayo vaksin biar sehat jaga virus,1
619,urus skck ribet banget vaksin booster,1
620,coba bantuin cari vaksin booster biar holiday nya bentar dosis,1
621,super air jet kalo garuda ketat teman kemarin booster vaksin bandara,1
622,geng cinta kpop geng cocok vaksin eksperimen laku apa tonton konser cowok,1
623,vaksin booster mood,1
624,tau guna vaksin booster bakar duit doang,0
625,lucu sih diajakin nikah vaksin booster,1
626,hahaha kake nene gue suntik vaksin cek website suruh vaksin booster negara penuh trik,1
627,vaksin booster,1
628,vaksin booster sih,1
629,efek vaksin booster nih,1
630,alhamdulillah sukses vaksin boosteraku sertifikat bebas pergi masuk gedung,1
631,kalo booster vaksin beda sih gapapa vaksin sih moderna vaksin moderna vaksin,1
632,halo min tiket vaksin booster vaksin ya,1
633,egx habis vaksin booster,1
634,vaksin kali nakes beb horang kayak seram anjir kalo suntik vaksin booster mriyang lho kalo suruh,0
635,kagak sambung guna booster vaksin data riset teliti imunitas bentuk tahan riset global ya ilmuwan dar,1
636,vaksin booster kuat kalang tugas medis perintah galak masyarakat lihat video wish fm,1
637,lepas debat booster pilih wajib vaksin covid lagipula turun tingkat mati rendah,1
638,atas booster ya kalo booster vaksin longgar kah dibolehin masuk,1
639,vaksin booster ya tunggu kalo,1
640,sertif vaksin diprint vaksinasi lengkap orang booster ya peduli lindung lengkap tunjukkin diprint,1
641,relevansi mampu pimpin vaksinasi tambah berita bilang vaksin booster nakes,1
642,kampus booster vaksin wkwkwk,1
643,oh iya beda gue kemarin pas vaksin booster habis suntik segar kak wkwkwk wkwkwkwk,1
644,alhamdulillah ya vaksin booster badan sehat pakai ambruk ambruk,1
645,suruh vaksin booster bijak usaha kali booster mudah jalan,1
646,vaksin gejala booster asa habis suntik wkwk badan gua batu banget anjir isi tulang doang,1
647,memang salah ya kalo orang booster vaksin cakup booster negeri mandeg turun,1
648,vaksinator booster kampus tau gapapa kalo vaksin boosternya beda vaksin disesuaiin dosis,1
649,war ticket kemarin vaksin booster rasa kipinya tepar,0
650,vaksin booster bikin tangan sakit banget deh,0
651,gaes kantor polisi satpam sih bingung vaksin booster gue serifikat nya muncul,1
652,program perintah vaksin booster efek mati perintah dzolim bunuh rakyat,0
653,ya kadang logika sulit sampai ibukku salah satu keluarga booster tok vaksin pergi repot,0
654,juru wabah juru vaksin juru booster juru dalam video tolong dapat ilmiah,1
655,efek vaksin booster sakit kali anjrit diomongin kakak tugas vaksin pagi,0
656,gue vaksin booster,1
657,nyeri vaksin booster asa vaksin sih,0
658,eh erti wni booster kalo kereta wna vaksin dosis meanwhile virus nya indonesia,1
659,wajib vaksin booster kalo bandung daerah kali ya timnas laku banding persib kalo bandung,1
660,syarat tonton persib info wajib vaksin booster animo bobotoh stadion jelang duel klasik persib vs persija oktober,1
661,vaksin booster tangan kiri lumpuh,0
662,perintah indonesia syarat vaksin booster negeri tinggal indonesia muslim taat atur wajib,1
663,informasi vaksin dosis terbang batas tentu sila tunda terbang vaksin dosis tiga booster tks ax,1
664,min kalo nukerin tiket fisik vaksin booster tonton temenku bantuin teman war pakai nama thankieesss min,1
665,orang program vaksin covid indonesia persen vaksin suruh vaksin vaksin booster lo,1
666,habis vaksin booster bekas sunti sakit,1
667,prinsip dasar wajib vaksin booster jamaah umroh haji bohong bohong,1
668,wajib vaksin vaksin booster,1
669,perintah indonesia kemenag perintah saudi syarat vaksin booster haji umroh jamaah indonesia pakai masker umroh diketawain saudi cuek bebek covid vaksin,1
670,aman vaksin booster bas inactivated ketimbang mrna adenovirus maaf kalo kes sambung,1
671,gue tonton persija lawan sita beli tiket online syarat wajib vaksin booster,1
672,gila covid gue gejala parah mnrt gue bearable banding vaksin booster pfizer booster pfizer kayak digebugin orang gerak kaku tidur sakit ubun ujung kaki cuman muka doang sakit,0
673,vaksin booster lewat sih ngulang,1
674,vaksin efektif capai kebal vaksin efektif prokes kalah tindak cegah,1
675,beri vaksinasi rangsang sistem imun bentuk kebal antibodi teliti,1
676,vaksin booster tingkat kebal haram,1
677,ceo pfizer vaksin booster bivalen,1
678,kakak gua pas booster ecek tuh peduli lindung eh pas cek sertif vaksin boosternya duluan doi booster,1
679,vaksin booster nano nano,1
680,vaksinasi kunci utama lindung orang dekat bahaya covid lengkap vaksin booster mu disiplin prokes masker,1
681,sih brangkat booster semenjak vaksin suka sek napas vaksin dst,1
682,tumpang usia wajib vaksin dosis tiga booster informasi lengkap syarat jalan kak sila cek link terima kasih,1
683,abai vaksinasi covid buru laku vaksinasi dosis tiga booster vaksin booster bukti tingkat daya tahan tubuh virus covid tangkal sebar virus covid varian indonesia senin,1
684,dunia normal virus jahat korona vaksin booster dunia bebas virus jahat dunia dunia aman samp,1
685,kartu ajar anak usia wajib damping orang tua syarat booster laku usia atas kalo paham wajib vaksin info hubu,1
686,pikir masuk wajib vaksin booster lupa kalo ujan badai negara,1
687,gue habis vaksin booster makan n minum samsek hehe,1
688,mah tawar vaksin booster keluarga korban kipi vaksin tinggal dunia cedera berat wkwkwk h,1
689,cek pas masuk nunjukin tiket ktp sistem nya tau vaksin booster tahan masuk suruh tes stasiun,1
690,banget kemarin bolak kota pakai kereta tentu wajib booster vaksin pcr rapid test stasiun sedia testnya tiket status vaksin dicheck pas masuk peron,1
691,tunggu vaksin kalo booster iya kah,1
692,curhat gue cari vaksin booster sambang rs beda tigatiganya kosong ok apa gue sebel pegawainy ajjrrrje solot gwbtanya solot ajjrr kayak woiii,0
693,masuk siang kak pms vaksin booster,1
694,orang ngeluh vaksin booster mana sulit syarat kereta api kai booster solusi,1
695,kemarin habis vaksin booster bersih bersih sekolah sg banjir ah mantap,1
696,halo kak jalan udara domestik wajib vaksin booster keluarga kali vaksin booster lampir hasil test pcr syarat tambahanya terimakasih,1
697,vaksin booster kendala sehat kak ya,1
698,ngefek vaksin dosis booster flu umbelen meler badan batuk berat keringberdahak orang rumah flu tular orang rumah batuk tular,0
699,perintah sih pandemi selesai waspada ya gaiss selesai hilanggg lupa vaksin booster tingkat imun stay healty gaiss jaga prokes,1
700,anyway tuh orang booster ya janganjangan vaksin prime,1
701,err booster alas ya pilih vaksin sertifikasi halal mui,1
702,sesuai anjur perintah nder kali vaksin booster faq postingan,1
703,maaf kak kemarin baca applewood deh kak kalo vaksin booster alas dinta nomor rs surat terang,1
704,mama disaudi duluan suruh vaksin booster perintah sana banding,1
705,vaksin booster padi efek rasa gel banget cuy lengan,0
706,sih teman teman vaksin booster banget masuk rumah sakit ohiya lupa dokter rsud,1
707,orang orang booster lu bahas sales vaksin bang bang,1
708,pakai duckbill kalo wfo wajib vaksin booster,1
709,dorong orang vaksin booster deh kayak psikopat nyinyir vaksin melempem kayak ayam sayur,0
710,kabar baik dokter vaksin kabar buruk banyak rakyat miskin booster ya ngurangin duduk miskin laaah,0
711,vaksin booster nih puskesmas kah tempat,1
712,vaksin booster gampang batuk,0
713,vaksin booster,1
714,gue andal imun tubuh tangkal covid gue vaksin booster ya mudah hidup kemanamana vaksin vaksin booster gue last mute alias dientarentarin,1
715,vaksin booster jakarta mana deh habis,1
716,rakyat bagi vaksin booster gratis isi vaksin,1
717,side effect lu bilang lu polos anggap kalo efek habis vaksin lapar gel doang netizen asih testimoni nada sesal habis ngambil booster vaksin covid,0
718,wkwk gue baca mas mas anti vaksin gajadi nikah beda prinsip jujur ane kena copit habis booster kali bantu banget sih gejala parah luck kalo vaksin gejala parah,1
719,braw rencana jumat booster ya vaksin booster,1
720,dewasa vaksin booster kenan terbang anak usia vaksinasi dosis kenan terbang tks yuri,1
721,ndes puskesmas dkt rumah nyediain vaksin booster victori penuh mana ya,1
722,vaksin suntik ready ya trusted ready dosis booster,1
723,booster sip ningkatin mampu reproduksi deh mah support vaccine lovers suntik vaksin sebanyakbanyaknya,1
724,konsumsi obat vaksin booster sih,1
725,vaksin booster susah banget pakai orang huft,0
726,pernyataanya kayak orang bodoh sih anak anak vaksin wajib lengkap booster,0
727,gesss minum obat vaksin booster,1
728,okey minggu vaksin booster kereta jarak hehehe bus bikin bengkak,1
729,banget cari gerai vaksin booster,0
730,efek positive concert skala gedhe orangorang vaksin booster,1
731,hahaha asisten tunggu vaksin booster minggu notifikasi suruh mangkat ning solo sih,1
732,vaksin kali amanaman pas kemarin booster langsung meriang nikmat,0
733,lupa vaksin booster,1
734,ngotot sih vaksin warrior booster wkwkwkwk,1
735,teman gue kena cvd bulan itu vaksin booster,1
736,knapa vaksin booster nya kosong sih deh wa,1
737,vaksin aman booster tepar teh,1
738,lu entar uban bau bangkai gue suntik vaksin booster gue mobil ponakan positif eh gue nya negatif,1
739,awak ngedrop efek vaksin booster banget tementemen gue tumbang,0
740,iya kak vaksin booster kalo ganti pcr,1
741,min vaksin booster rumah dinas walkot sedia ya,1
742,minn umur banget vaksin booster,1
743,info vaksin booster daerah depok jakarta bogor,1
744,gue bngga bgttz vaksin kali booster gppaaa bayar orang goblok biar mati mngurangi populasi adab,0
745,vaksin booster larang masuk,1
746,ugmfess lurrrrr info vaksin booster gaaa,1
747,covid ancam masyarakat disiplin protokol sehat vaksin booster,1
748,jog info vaksin booster magelang gapapa,1
749,ayo laksana vaksin vaksin booster manfaat sehat,1
750,gajadi ngantuk panik cari info vaksin booster,1
751,booster lain sunti,1
752,vaksin dosis booster tinggal nikah,1
753,dipsinfo vaksin booster semarang,1
754,maju mileapo vaksin booster,1
755,butuh sertif booster perlu jalan solusi jasa joki vaksin booster ram terpercayablm vaksin langsung full dosis tunggu order via dm orang,1
756,dips bis smrgjkt wajib vaksin booster batas dosis,1
757,ugmfess lurrrrr info vaksin booster gaaa,1
758,ayo vaksin covid masyarakat vaksinasi covid dosis booster ikut vaksinasi kamis jumat tanggal oktober pkl wita sd selesai tempat poliklinik polres taban jenis vaksin pfizer,1
759,mohon info booster vaksin moderna area jabodetabek terima kasih,1
760,selamat sore admin info vaksin booster bandung ya mohon infonyaterima kasih,1
761,rs gue koas habis cari cari booster sinovac gue vaksin pakai az,1
762,mohon info vaksin booster moderna september terima kasih,1
763,mohon info lokasi booster vaksin moderna depok september terima kasih,1
764,normal habis vaksin booster sakit nya,1
765,info vaksin booster malang,1
766,dipsrsnd layan vaksin booster ya besok,1
767,syetan makan bakwan ngakunya iblis tulis propaganda kawasan wajib vaksin booster,1
768,info vaksin undip,1
769,vaksin kali info booster daerah depok jaksel,1
770,halo kak vaksin booster bandara husein sedia kak terimakasih,1
771,yaaallah tidur tj gara-gara habis vaksin booster,1
772,besok vaksin booster badan enak,1
773,nder obat sakit habis vaksin ya gue habis booster sakit kasi obat dokter sih,1
774,serakah banget vaksin booster,1
775,edit tingkat super dewa serifikat vaksin booster edit ijazah sempurna,1
776,anak usia booster ya min pcr vaksin,1
777,tumpang usia lampir sertifikat vaksin dosis booster terbang domestik terima kasih kevin,1
778,eh ya vaksin booster maaf wkwk,1
779,jennie becky maju lu kalo berani gue gatakut gue vaksin booster,1
780,dipskalo vaksin booster undip tuh mana ya,1
781,woy gue vaksin booster heeeyyyy,1
782,hadehh globaliskorporasi arab saudi umroh haji booster kali ngelindungin jamaahutsmani an keluar tentu vaksin rakyatnyajd kafir kah,0
783,jasa joki vaksin booster percaya langsung dm tembus peduli lindungin,1
784,vaksin booster anjing bikin sakit,0
785,gue vaksin booster takut,1
786,rumah booster adik gue bokap rencana nyokap vaksin komorbid gue booster eh enak body akibat celine ngomelngomel ngemol,1
787,stok vaksin alami kosong pusat layan sehat,1
788,syarat wajib flight vaksin booster akal ygy,1
789,kemarin karyawan outsourcing wajib vaksin dosis panjang kontrakntahun wajib vaksin booster panjang kontraknsungguh sulit hidup era sulit jiwa nurut otoritas,1
790,wajib vaksin booster hindar tular virus covid,1
791,sih duaduanya vaksin booster syarat mesti vaksin kali,1
792,vaksin booster ya wak info dongs tau,1
793,ya vaksin booster alami aneh titan,1
794,coba cek dengg,1
795,kereta kota wajib banget vaksin booster ya vaksin tes antigen kayak,1
796,tau lokasi vaksin booster wilayah jaksel kalo tau info ya nudh coba cari sekitar jaksel vaksin booster,1
797,ya tau info kalo kampus ada booster kalo info vaksin kabarin kak,1
798,jog info vaksin booster kemarin cari rs puskesmas habis,1
799,ampir tahun vaksin booster,1
800,vaksin booster pagi lanjut kuliah sore ampun lengan sakittttttt banget kayak cuman tindih selimut sakit,0
801,info vaksin booster surabaya,1
802,vaksin wajib swab nder kecuali booster swab,1
803,karyawannya booster sgl karyawanku kalo vaksin ku pecat,1
804,hantu vaksin booster bang,1
805,nih tau vaksin booster bikin sample darah beliau mah booster,1
806,twitterpicker deh vaksin booster yuk pick,1
807,usaha ambil ss cuit abang lihat atas atas pikir paksa vaksin booster istri peduli,1
808,ih imunisasi lengkap vaksin kopidbooster,1
809,kalo penasaran langsung dokter booster kali vaksin rasa efek samping alhamdulillah kasih immune tubuh kuat,1
810,vaksin booster meni hamil,1
811,vaksin booster anjing,0
812,info vaksin booster karawang besok,1
813,cari vaksin booster,1
814,kasih pukis super avail weekend tarik intip hubung bookingnya btw virus malik kebal vaksin booster hahaha sok sih,1
815,hai ayang vaksin booster gemas kayak telepon adu sakit habis vaksin iaaaaaannnn benar bikin gila mah gigit bantal,1
816,langsung demam habis vaksin booster,0
817,anjing sakit banget vaksin booster,0
818,vaksin booster jaksel,1
819,jaga baikbaik yuk vaksin booster temanteman,1
820,gue habis vaksin booster polres apa,1
821,vaksin booster kebal tubuh,1
822,cepat vaksin booster biar aman kemanamana,1
823,vaksin booster wajib warga indonesia,1
824,prokes iya vaksin booster iya lengkap,1
825,vaksin booster daerah banyumanik,1
826,covid mutasi lho gaes lupa protokol sehat vaksin booster,1
827,vaksin booster depok info,1
828,cuci tangan guys vaksin booster lupa,1
829,jaga terap vaksin booster,1
830,sadar efek positif vaksin booster,1
831,booster prokes kunci pisah fakta potensi naik vaksin booster bareng disiplin protokol sehat n,1
832,vaksin booster banget lupa,1
833,yuk vaksin booster biar aman,1
834,lengah waspada patuh prokes vaksinasi ya kawan,1
835,vaksin demam turun minggu vaksin pegalpegal pas booster badan demam pegalpegal enak huf,0
836,booster larang jalan vaksin susah piye ente,1
837,wajib vaksin booster nder,1
838,polsek coba gue niat bikin skck vaksin booster,1
839,vaksin booster semuaa eh tambah vaksinsekalian vaksin nya,1
840,hebat opung kali vaksin booster pung,1
841,gila kipinya vaksin booster bikin sakit,0
842,maaf royal ya maksud vaksin booster,1
843,info vaksin booster guys bgr,1
844,gess serius vaksin booster peduli lindung sertif nya bawa kertas nya loh masuk venue ya wkwk,1
845,info vaksin booster guys bgr,1
846,min maaf vaksin booster sedia ya,1
847,smi punten gais info vaksin booster buka mana ya tia,1
848,polres sedia vaksin booster,1
849,temenku rutin bulan sakit ngrasa vaksin booster gampang sakit,0
850,daks info vaksin booster daerah bandung kalo daerah bandung timur kabupaten,1
851,info vaksin booster daerah sleman gessn,1
852,vaksin booster layan rs ui min cek website jadwal,1
853,vaksin booster nakes sempat enak badan sembuh jadwal jaga rumah sakit padat banget,1
854,info vaksin booster min terimakasih,1
855,info vaksin booster bandung puskesmas bilang stocknya habis,1
856,booster yuk,1
857,info vaksin booster daerah jaktim,1
858,simak cek tiket jadwal vaksin booster pedulilindunginnnnn,1
859,kereta jarak wajib booster vaksin kereta lokal vaksin,1
860,plns info vaksin booster area tembalangbanyumanik,1
861,gaaada alesan malesbete gunain masker pas pakai up diinget ya guys covid protect gunain masker tapiiii musti full vaksin booster,1
862,maju lo mewgulf gue vaksin booster,1
863,kucing lemes habis vaksin booster tuh wajar kah,1
864,gue vaksin,1
865,malaysia indonesia vaksin booster musti tunggu mampir amerika langsung vaksin booster keren banget deh,1
866,maksud pure blood sih mudeng hubung vaksin booster,1
867,sedia vaksin booster bandara soekarnohatta sedia informasi tentu sila kece sedia vaksin daerah dekat,1
868,punten vaksin booster dramaga mana ya,1
869,pengin vaksin booster sinovac sinopharmnpfizer kau muncul,1
870,siang min vaksin booster pfizer sedia kah,1
871,vaksin kemarin pas covid kali booster gejala kayak mati,0
872,fess vaksin tiga vaksin booster tuh ya,1
873,danramil karangkobar kapten inf basuki laksana giat sosialisasi vaksin dosis boosternn n nn n,1
874,vaksin booster,1
875,susah banget cari vaksin,0
876,guna vaksin booster upaya kembali imunitas tubuh proteksi klinis turun,1
877,gaaada alesan malesbete gunain masker pas pakai up diinget ya guys covid,1
878,btw booster vaksin rumah sakit ya,1
879,mohon info kak vaksin booster area mlg ray,1
880,sakit efek vaksin booster pas booster meriang efek vaksin,1
881,fda as tuju dosis booster vaksin covid baru anak,1
882,vaksin booster bantu pulih pandemi,1
883,wkwk ditanggepin serius tenang vaksin lengkap booster kalo deteksi pakai apps ya garagara pakai earphone,1
884,vaksin booster,1
885,mohon selidik pengaruh adiksi vaksin booster bnn tolong investigasi,1
886,booster ya booster mana ya tinggal ya vaksin,1
887,fyi vaksin lengkap booster hitung satu anggota keluarga rasa gejala sakit nsepertinya,1
888,lumayan pesta covid bubarayo semangat bio farma sempat vaksin booster,1
889,lini masa bagi vaksin vaksin vaksin booster,1
890,laku vaksin lengkapbooster,1
891,masyarakat ikut vaksin booster,1
892,info vaksin booster bal guys,1
893,kalo vaksinbooster badan sinyal nya deh kayak wifi magic banget ya,1
894,auliansantai vaksin booster,1
895,semenjak sembuh covid vaksin booster sakit demam flu batuk habis sembuh kambuh,0
896,info vaksin booster malang,1
897,kalo vaksin booster swab stasiun,1
898,damn suruh kak kerawang vaksin booster restock bal biar pergi pesawatnini atur ubah biar vaksin booster pesawat catat pcr negatif,1
899,btw guys kereta solo jogja vaksin booster ya,1
900,wawancara kalapas vaksin booster bawa kunjung dalam lapas,1
901,booster cari vaksin,1
902,bgr maaf nyanvaksin booster daerah bogor kota mana yaterus kalo vaksin nya kadaluarsa vaksin nterimakasih,1
903,info vaksin booster kota palembang,1
904,mjb kak nitip info kalo vaksin booster palembang puskesrs swasta,1
905,min bandara smb ii palembang sedia vaksin booster min,1
906,puskesmas vaksin center mas habis booster,1
907,bu vaksin kali booster kirakira indomaret jidat scan ya bu mikrocip,1
908,kalo booster kaya kosong nkalo vaksin tanggal dijadwalin ulang vaksin nder,1
909,orang lahir mas coba buka data orang vaksin i vaksin ii booster nsisanya orgnkira ndankalau beli alias impor bu,1
910,habis vaksin booster parah anak lemah,1
911,teman mohon bantu info vaksin booster buka sabtu terimakasih ya,1
912,vaksin buru vaksin deh asli ngaruh bgtak habis covid booster kayak flu deh sembuh,1
913,min vaksin booster polda kota palembang,1
914,vaksinasi aman lho guys takut efek samping vaksin booster rasai gel lengan bekas sunti banget ya tmnku demampusing wajar minum parasetamol,1
915,butuh jasa joki tembak vaksin booster tembus peduli lindung langsung dm aman hasil hackproses cepat,1
916,booster please,1
917,gue vaksin sehat booster takut,1
918,deh vaksin booster nih gakya dikonekin speaker biar kalo ngomel suami kencang teriak,1
919,kipi booster banget kayak vaksin tangan angkat anjir sakit,0
920,booster bikin sehat,1
921,cah vaksin booster mana ya urgent kereta jarak,1
922,puskesmas layan booster,1
923,ugmfess booster vaksin mana ya,1
924,kak vaksin kali booster sinyal jelek ya kalo remote area info aktif,1
925,rasa tangan gel makji habis vaksin booster,1
926,info vaksin booster besok,1
927,booster kali mas vaksin mandiri bayar jasa nakesnya sih jaga musim hujan rawan drop batpil masuk angin dst,1
928,waalah ez cepat pulih vaksin booster,1
929,malam vaksin booster rumah sakit bhayangkara trimakasih,1
930,gokar vaksin booster sih technomart kemarin dibatalin besok coba cari,1
931,hantu vaksin booster bang,1
932,yuk booster biar bentuk herd immunity,1
933,oh gue senang gue bahagia indonesia vaksin covid gue dukung gue sih dosis vaksin orang dewasa anggap booster indonesia indonesia hebat,1
934,min fasilitas vaksin booster terminal ya,1
935,atur kadang kadang indak vaksin vaksin mandalika bebas atur lebaran wajib booster habis pesawat,0
936,info vaksin booster jogja pliss,1
937,mental gua kuat ngadepin znn wkwkwk gua vaksin booster anjir kalah,1
938,dipskl vaksin booster puskesmas daftar info please,1
939,info vaksin booster pfizer daerah jakarta selatandepok,1
940,moga besok bagi vaksin booster pls,1
941,senang vaksin booster,1
942,mas kalo kereta vaksin indak booster,1
943,ugmfess vaksin booster rsa ugm ya thx,1
944,hilang stok vaksin booster hmm,1
945,mudah ya booster vaksin,1
946,pagi vaksin booster tidur,1
947,moga vaksin booster kagak gagal ya cuy kali gagal kayak hidup,1
948,vaksin booster takut demam,0
949,sayang vaksin booster,1
950,vaksin kena vaksin kena booster kena kali,1
951,serius vaksin booster,1
952,info vaksin booster daerah jkttgr jumat,1
953,vaksin booster tuh vaksin vaksin kali lupa vaksin,1
954,kak vaksin booster aman kalo vaksin tuh oh iya vaksin vaksin atuh,1
955,dips info lokasi vaksin booster besok guys,1
956,kemarin syarat vaksin booster ngeceknya,1
957,info vaksin booster mana ya,1
958,selamat siang maaf stasiun kutoarjo sedia vaksin booster tumpang antarkota tuju bekas,1
959,info vaksin booster gais,1
960,min info vaksin booster,1
961,permisi stasiun malang vaksin booster,1
962,halo min kalo booster vaksin nya kimia farma vaksin nya astra zenaca vaksin tahun cari booster min kimia farma,1
963,selamat sore kak syarat hasil negatif pcrantigen hapus ya kakak vaksin booster railmin saran laku sesuai atur laku calon tumpang kak jarak,1
964,hamdalah keluarga vaksin lengkap booster,1
965,kak vaksin nya sinopharm booster sinopharm ya available thanks,1
966,tau ya tempatpuskesmas vaksin booster mana terima kasih gais,1
967,kalo sabtu vaksin booster sih sbysda,1
968,muda sehat mobilitas ayo vaksin lengkap booster musim hujan batpil ya kalo booster tuh batuk pilek sumeng degdegan,1
969,bang pakai booster gue baca vaksin primer,1
970,kalo polling luculucuan booster data nasional vaksin kirakira tipe antivax tunggu panggil,1
971,min vaksin booster ya,1
972,pas habis vaksin booster gue meriang pulang langsung tidur ketemu temenku vaksin pusing ya anggap b loh kayak alayy ya,1
973,besok vaksin booster moga kipinya parah booster bcs senin shift pagi,1
974,papa masuk kak booster tinggal nunjukin surat vaksin,1
975,iya gara vaksin ya cerdas besok ambil bansos lurah voucher booster puskesmas ya,1
976,pesan tiket vaksin booster usaha cari cariiiii,1
977,lawan opung kali vax boosternakes kalah bantah kalo bantah ppkm umur hidup,0
978,info vaksin booster dom bandung pls,1
979,ku vaksin booster yes,1
980,kalo november gua blmn booster vaksin booster susah banget cari,1
981,maaf lokasi vaksinasi booster wil jakarta bogor mana ya cari habis vaksin nih syarat booster vaksin,1
982,vaksin booster buka tempat mana ya,1
983,vaksin booster biar jalanjalan,1
984,no salty vaksin booster vaksin tahap vaksin slotnya jarang degdegan berangkat konser besok takut dibolehin ya,1
985,btw doa kedapetan vaksin booster besok ya gais ueueue,1
986,vaksin booster dosis puskesmas ready,1
987,min tau vaksin booster mana,1
988,bijak wajib booster bagus stok vaksin lhaa orang paksa booster stok vaksin kosong kosong minggu teman gue rela lepas tawar job booster,0
989,daerah bikin bijak ppdn wajib booster stok vaksin sedia,1
990,kalo vaksin booster ya,1
991,celaka mati dadak gegara supirnya habis vaksin habis booster info kali maklum katak tempurung,0
992,sinopharm gotong royong susah nyarinya untung booster usaha booster nganggap dosis trnyta booster syarat jalan vaksin anak susah habis anak dosis ajak jalan,1
993,booster vaksin kagak,0
994,vaksin booster hubung tau bantu tipe o rutin donor darah pmi orang gue kasih gratis lu,1
995,sakit habis vaksin booster eh kena flu,0
996,bang ente kalo kasih paham marah pfizer aman bahas amerika serikat inggris vaksin kali kali booster booster serang,1
997,kemarin mumpung amerika mumpung gratis mumpung ya nikmat vaksin booster,1
998,kak wajib booster vaksin,1
999,citacitanya vaksin booster bang,1
